{
  "project_info": {
    "project_number": "914994932483",
    "project_id": "uniyogaadminapp",
    "storage_bucket": "uniyogaadminapp.firebasestorage.app"
  },
  "client": [
    {
      "client_info": {
        "mobilesdk_app_id": "1:914994932483:android:39f397114e490c895e5736",
        "android_client_info": {
          "package_name": "com.example.universalyogaadminapp"
        }
      },
      "oauth_client": [],
      "api_key": [
        {
          "current_key": "AIzaSyAe2vDkd3GOj4g8jgTydO7w8O-kIy266Hc"
        }
      ],
      "services": {
        "appinvite_service": {
          "other_platform_oauth_client": []
        }
      }
    }
  ],
  "configuration_version": "1"
}